#,Date_Time,Temp_C,Site_Code,Site_Name
1,9/21/2021 10:55,16.082,AA,James Brown Slough
2,9/21/2021 10:55,16.129,AA,James Brown Slough
3,9/21/2021 10:55,16.249,AA,James Brown Slough
4,9/21/2021 10:55,16.32,AA,James Brown Slough
5,9/21/2021 10:55,16.272,AA,James Brown Slough
6,9/21/2021 10:55,16.225,AA,James Brown Slough
7,9/21/2021 10:55,16.201,AA,James Brown Slough
8,9/21/2021 10:55,16.225,AA,James Brown Slough
9,9/21/2021 10:55,16.225,AA,James Brown Slough
10,9/21/2021 10:55,16.201,AA,James Brown Slough
11,9/21/2021 10:55,16.225,AA,James Brown Slough
12,9/21/2021 10:55,16.225,AA,James Brown Slough
13,9/21/2021 10:56,16.296,AA,James Brown Slough
14,9/21/2021 10:56,16.32,AA,James Brown Slough
15,9/21/2021 10:56,16.344,AA,James Brown Slough
16,9/21/2021 10:56,16.368,AA,James Brown Slough
17,9/21/2021 10:56,16.368,AA,James Brown Slough
18,9/21/2021 10:56,16.439,AA,James Brown Slough
19,9/21/2021 10:56,16.487,AA,James Brown Slough
20,9/21/2021 10:56,16.558,AA,James Brown Slough
21,9/21/2021 10:56,16.606,AA,James Brown Slough
22,9/21/2021 10:56,16.654,AA,James Brown Slough
23,9/21/2021 10:56,16.701,AA,James Brown Slough
24,9/21/2021 10:56,16.796,AA,James Brown Slough
25,9/21/2021 10:57,16.844,AA,James Brown Slough
26,9/21/2021 10:57,16.844,AA,James Brown Slough
27,9/21/2021 10:57,16.844,AA,James Brown Slough
28,9/21/2021 10:57,16.868,AA,James Brown Slough
29,9/21/2021 10:57,16.939,AA,James Brown Slough
30,9/21/2021 10:57,16.963,AA,James Brown Slough
31,9/21/2021 10:57,16.987,AA,James Brown Slough
32,9/21/2021 10:57,17.034,AA,James Brown Slough
33,9/21/2021 10:57,17.034,AA,James Brown Slough
34,9/21/2021 10:57,17.058,AA,James Brown Slough
35,9/21/2021 10:57,17.082,AA,James Brown Slough
36,9/21/2021 10:57,17.106,AA,James Brown Slough
37,9/21/2021 10:58,17.13,AA,James Brown Slough
38,9/21/2021 10:58,17.13,AA,James Brown Slough
39,9/21/2021 10:58,17.13,AA,James Brown Slough
40,9/21/2021 10:58,17.153,AA,James Brown Slough
41,9/21/2021 10:58,17.177,AA,James Brown Slough
42,9/21/2021 10:58,17.225,AA,James Brown Slough
43,9/21/2021 10:58,17.249,AA,James Brown Slough
44,9/21/2021 10:58,17.272,AA,James Brown Slough
45,9/21/2021 10:58,17.32,AA,James Brown Slough
46,9/21/2021 10:58,17.368,AA,James Brown Slough
47,9/21/2021 10:58,17.415,AA,James Brown Slough
48,9/21/2021 10:58,17.486,AA,James Brown Slough
49,9/21/2021 10:59,17.51,AA,James Brown Slough
50,9/21/2021 10:59,17.558,AA,James Brown Slough
51,9/21/2021 10:59,17.558,AA,James Brown Slough
52,9/21/2021 10:59,17.605,AA,James Brown Slough
53,9/21/2021 10:59,17.629,AA,James Brown Slough
54,9/21/2021 10:59,17.653,AA,James Brown Slough
55,9/21/2021 10:59,17.653,AA,James Brown Slough
56,9/21/2021 10:59,17.653,AA,James Brown Slough
57,9/21/2021 10:59,17.677,AA,James Brown Slough
58,9/21/2021 10:59,17.701,AA,James Brown Slough
59,9/21/2021 10:59,17.701,AA,James Brown Slough
60,9/21/2021 10:59,17.748,AA,James Brown Slough
61,9/21/2021 11:00,17.772,AA,James Brown Slough
62,9/21/2021 11:00,17.796,AA,James Brown Slough
63,9/21/2021 11:00,17.796,AA,James Brown Slough
64,9/21/2021 11:00,17.796,AA,James Brown Slough
65,9/21/2021 11:00,17.819,AA,James Brown Slough
66,9/21/2021 11:00,17.819,AA,James Brown Slough
67,9/21/2021 11:00,17.819,AA,James Brown Slough
68,9/21/2021 11:00,17.819,AA,James Brown Slough
69,9/21/2021 11:00,17.819,AA,James Brown Slough
70,9/21/2021 11:00,17.819,AA,James Brown Slough
71,9/21/2021 11:00,17.796,AA,James Brown Slough
72,9/21/2021 11:00,17.819,AA,James Brown Slough
73,9/21/2021 11:01,17.819,AA,James Brown Slough
74,9/21/2021 11:01,17.819,AA,James Brown Slough
75,9/21/2021 11:01,17.843,AA,James Brown Slough
76,9/21/2021 11:01,17.843,AA,James Brown Slough
77,9/21/2021 11:01,17.796,AA,James Brown Slough
78,9/21/2021 11:01,17.748,AA,James Brown Slough
79,9/21/2021 11:01,17.748,AA,James Brown Slough
80,9/21/2021 11:01,17.724,AA,James Brown Slough
81,9/21/2021 11:01,17.701,AA,James Brown Slough
82,9/21/2021 11:01,17.629,AA,James Brown Slough
83,9/21/2021 11:01,17.605,AA,James Brown Slough
84,9/21/2021 11:01,17.558,AA,James Brown Slough
85,9/21/2021 11:02,17.558,AA,James Brown Slough
86,9/21/2021 11:02,17.534,AA,James Brown Slough
87,9/21/2021 11:02,17.534,AA,James Brown Slough
88,9/21/2021 11:02,17.534,AA,James Brown Slough
89,9/21/2021 11:02,17.534,AA,James Brown Slough
90,9/21/2021 11:02,17.534,AA,James Brown Slough
91,9/21/2021 11:02,17.534,AA,James Brown Slough
92,9/21/2021 11:02,17.51,AA,James Brown Slough
93,9/21/2021 11:02,17.51,AA,James Brown Slough
94,9/21/2021 11:02,17.51,AA,James Brown Slough
95,9/21/2021 11:02,17.51,AA,James Brown Slough
96,9/21/2021 11:02,17.51,AA,James Brown Slough
97,9/21/2021 11:03,17.51,AA,James Brown Slough
98,9/21/2021 11:03,17.51,AA,James Brown Slough
99,9/21/2021 11:03,17.51,AA,James Brown Slough
100,9/21/2021 11:03,17.534,AA,James Brown Slough
101,9/21/2021 11:03,17.534,AA,James Brown Slough
102,9/21/2021 11:03,17.534,AA,James Brown Slough
103,9/21/2021 11:03,17.558,AA,James Brown Slough
104,9/21/2021 11:03,17.558,AA,James Brown Slough
105,9/21/2021 11:03,17.582,AA,James Brown Slough
106,9/21/2021 11:03,17.582,AA,James Brown Slough
107,9/21/2021 11:03,17.582,AA,James Brown Slough
108,9/21/2021 11:03,17.605,AA,James Brown Slough
109,9/21/2021 11:04,17.605,AA,James Brown Slough
110,9/21/2021 11:04,17.605,AA,James Brown Slough
111,9/21/2021 11:04,17.582,AA,James Brown Slough
112,9/21/2021 11:04,17.582,AA,James Brown Slough
113,9/21/2021 11:04,17.558,AA,James Brown Slough
114,9/21/2021 11:04,17.558,AA,James Brown Slough
115,9/21/2021 11:04,17.558,AA,James Brown Slough
116,9/21/2021 11:04,17.558,AA,James Brown Slough
117,9/21/2021 11:04,17.534,AA,James Brown Slough
118,9/21/2021 11:04,17.534,AA,James Brown Slough
119,9/21/2021 11:04,17.51,AA,James Brown Slough
120,9/21/2021 11:04,17.51,AA,James Brown Slough
121,9/21/2021 11:05,17.51,AA,James Brown Slough
122,9/21/2021 11:05,17.51,AA,James Brown Slough
123,9/21/2021 11:05,17.51,AA,James Brown Slough
124,9/21/2021 11:05,17.51,AA,James Brown Slough
125,9/21/2021 11:05,17.51,AA,James Brown Slough
126,9/21/2021 11:05,17.486,AA,James Brown Slough
127,9/21/2021 11:05,17.486,AA,James Brown Slough
128,9/21/2021 11:05,17.486,AA,James Brown Slough
129,9/21/2021 11:05,17.486,AA,James Brown Slough
130,9/21/2021 11:05,17.486,AA,James Brown Slough
131,9/21/2021 11:05,17.486,AA,James Brown Slough
132,9/21/2021 11:05,17.51,AA,James Brown Slough
133,9/21/2021 11:06,17.51,AA,James Brown Slough
134,9/21/2021 11:06,17.51,AA,James Brown Slough
135,9/21/2021 11:06,17.51,AA,James Brown Slough
136,9/21/2021 11:06,17.51,AA,James Brown Slough
137,9/21/2021 11:06,17.51,AA,James Brown Slough
138,9/21/2021 11:06,17.51,AA,James Brown Slough
139,9/21/2021 11:06,17.51,AA,James Brown Slough
140,9/21/2021 11:06,17.534,AA,James Brown Slough
141,9/21/2021 11:06,17.534,AA,James Brown Slough
142,9/21/2021 11:06,17.605,AA,James Brown Slough
143,9/21/2021 11:06,17.653,AA,James Brown Slough
144,9/21/2021 11:06,17.748,AA,James Brown Slough
145,9/21/2021 11:07,17.891,AA,James Brown Slough
146,9/21/2021 11:07,18.081,AA,James Brown Slough
147,9/21/2021 11:07,18.105,AA,James Brown Slough
148,9/21/2021 11:07,18.129,AA,James Brown Slough
149,9/21/2021 11:07,18.176,AA,James Brown Slough
150,9/21/2021 11:07,18.224,AA,James Brown Slough
151,9/21/2021 11:07,18.247,AA,James Brown Slough
152,9/21/2021 11:07,18.271,AA,James Brown Slough
153,9/21/2021 11:07,18.295,AA,James Brown Slough
154,9/21/2021 11:07,18.319,AA,James Brown Slough
155,9/21/2021 11:07,18.319,AA,James Brown Slough
156,9/21/2021 11:07,18.366,AA,James Brown Slough
157,9/21/2021 11:08,18.366,AA,James Brown Slough
158,9/21/2021 11:08,18.366,AA,James Brown Slough
159,9/21/2021 11:08,18.39,AA,James Brown Slough
160,9/21/2021 11:08,18.39,AA,James Brown Slough
161,9/21/2021 11:08,18.39,AA,James Brown Slough
162,9/21/2021 11:08,18.39,AA,James Brown Slough
163,9/21/2021 11:08,18.39,AA,James Brown Slough
164,9/21/2021 11:08,18.39,AA,James Brown Slough
165,9/21/2021 11:08,18.414,AA,James Brown Slough
166,9/21/2021 11:08,18.414,AA,James Brown Slough
167,9/21/2021 11:08,18.414,AA,James Brown Slough
168,9/21/2021 11:08,18.414,AA,James Brown Slough
169,9/21/2021 11:09,18.414,AA,James Brown Slough
170,9/21/2021 11:09,18.414,AA,James Brown Slough
171,9/21/2021 11:09,18.461,AA,James Brown Slough
172,9/21/2021 11:09,18.485,AA,James Brown Slough
173,9/21/2021 11:09,18.509,AA,James Brown Slough
174,9/21/2021 11:09,18.557,AA,James Brown Slough
175,9/21/2021 11:09,18.604,AA,James Brown Slough
176,9/21/2021 11:09,18.628,AA,James Brown Slough
177,9/21/2021 11:09,18.628,AA,James Brown Slough
178,9/21/2021 11:09,18.771,AA,James Brown Slough
179,9/21/2021 11:09,18.818,AA,James Brown Slough
180,9/21/2021 11:09,18.771,AA,James Brown Slough
181,9/21/2021 11:10,18.699,AA,James Brown Slough
182,9/21/2021 11:10,18.652,AA,James Brown Slough
183,9/21/2021 11:10,18.628,AA,James Brown Slough
184,9/21/2021 11:10,18.604,AA,James Brown Slough
185,9/21/2021 11:10,18.557,AA,James Brown Slough
186,9/21/2021 11:10,18.557,AA,James Brown Slough
187,9/21/2021 11:10,18.652,AA,James Brown Slough
188,9/21/2021 11:10,18.533,AA,James Brown Slough
189,9/21/2021 11:10,18.295,AA,James Brown Slough
190,9/21/2021 11:10,18.105,AA,James Brown Slough
191,9/21/2021 11:10,18.057,AA,James Brown Slough
192,9/21/2021 11:10,17.986,AA,James Brown Slough
193,9/21/2021 11:11,17.867,AA,James Brown Slough
194,9/21/2021 11:11,17.772,AA,James Brown Slough
195,9/21/2021 11:11,17.653,AA,James Brown Slough
196,9/21/2021 11:11,17.582,AA,James Brown Slough
197,9/21/2021 11:11,17.558,AA,James Brown Slough
198,9/21/2021 11:11,14.721,AA,James Brown Slough
199,9/21/2021 11:11,13.064,AA,James Brown Slough
200,9/21/2021 11:11,12.727,AA,James Brown Slough
201,9/21/2021 11:11,12.606,AA,James Brown Slough
202,9/21/2021 11:11,12.582,AA,James Brown Slough
203,9/21/2021 11:11,12.558,AA,James Brown Slough
204,9/21/2021 11:11,12.534,AA,James Brown Slough
205,9/21/2021 11:12,12.534,AA,James Brown Slough
206,9/21/2021 11:12,12.534,AA,James Brown Slough
207,9/21/2021 11:12,12.558,AA,James Brown Slough
208,9/21/2021 11:12,12.582,AA,James Brown Slough
209,9/21/2021 11:12,12.534,AA,James Brown Slough
210,9/21/2021 11:12,12.606,AA,James Brown Slough
211,9/21/2021 11:12,12.582,AA,James Brown Slough
212,9/21/2021 11:12,12.582,AA,James Brown Slough
213,9/21/2021 11:12,12.582,AA,James Brown Slough
214,9/21/2021 11:12,12.582,AA,James Brown Slough
215,9/21/2021 11:12,12.582,AA,James Brown Slough
216,9/21/2021 11:12,12.582,AA,James Brown Slough
217,9/21/2021 11:13,12.582,AA,James Brown Slough
218,9/21/2021 11:13,12.582,AA,James Brown Slough
219,9/21/2021 11:13,12.582,AA,James Brown Slough
220,9/21/2021 11:13,12.582,AA,James Brown Slough
221,9/21/2021 11:13,12.582,AA,James Brown Slough
222,9/21/2021 11:13,12.582,AA,James Brown Slough
223,9/21/2021 11:13,12.582,AA,James Brown Slough
224,9/21/2021 11:13,12.582,AA,James Brown Slough
225,9/21/2021 11:13,12.606,AA,James Brown Slough
226,9/21/2021 11:13,12.63,AA,James Brown Slough
227,9/21/2021 11:13,12.63,AA,James Brown Slough
228,9/21/2021 11:13,12.63,AA,James Brown Slough
229,9/21/2021 11:14,12.582,AA,James Brown Slough
230,9/21/2021 11:14,12.534,AA,James Brown Slough
231,9/21/2021 11:14,12.534,AA,James Brown Slough
232,9/21/2021 11:14,12.534,AA,James Brown Slough
233,9/21/2021 11:14,12.534,AA,James Brown Slough
234,9/21/2021 11:14,12.534,AA,James Brown Slough
235,9/21/2021 11:14,12.534,AA,James Brown Slough
236,9/21/2021 11:14,12.534,AA,James Brown Slough
237,9/21/2021 11:14,12.534,AA,James Brown Slough
238,9/21/2021 11:14,12.534,AA,James Brown Slough
239,9/21/2021 11:14,12.534,AA,James Brown Slough
240,9/21/2021 11:14,12.534,AA,James Brown Slough
241,9/21/2021 11:15,12.534,AA,James Brown Slough
242,9/21/2021 11:15,12.534,AA,James Brown Slough
243,9/21/2021 11:15,12.534,AA,James Brown Slough
244,9/21/2021 11:15,12.534,AA,James Brown Slough
245,9/21/2021 11:15,12.534,AA,James Brown Slough
246,9/21/2021 11:15,12.534,AA,James Brown Slough
247,9/21/2021 11:15,12.534,AA,James Brown Slough
248,9/21/2021 11:15,12.534,AA,James Brown Slough
249,9/21/2021 11:15,12.534,AA,James Brown Slough
250,9/21/2021 11:15,12.534,AA,James Brown Slough
251,9/21/2021 11:15,12.534,AA,James Brown Slough
252,9/21/2021 11:15,12.534,AA,James Brown Slough
253,9/21/2021 11:16,12.582,AA,James Brown Slough
254,9/21/2021 11:16,12.558,AA,James Brown Slough
255,9/21/2021 11:16,12.534,AA,James Brown Slough
256,9/21/2021 11:16,12.509,AA,James Brown Slough
257,9/21/2021 11:16,12.509,AA,James Brown Slough
258,9/21/2021 11:16,12.509,AA,James Brown Slough
259,9/21/2021 11:16,12.509,AA,James Brown Slough
260,9/21/2021 11:16,12.509,AA,James Brown Slough
261,9/21/2021 11:16,12.509,AA,James Brown Slough
262,9/21/2021 11:16,12.534,AA,James Brown Slough
263,9/21/2021 11:16,12.485,AA,James Brown Slough
264,9/21/2021 11:16,12.509,AA,James Brown Slough
265,9/21/2021 11:17,12.582,AA,James Brown Slough
266,9/21/2021 11:17,12.582,AA,James Brown Slough
267,9/21/2021 11:17,12.558,AA,James Brown Slough
268,9/21/2021 11:17,12.558,AA,James Brown Slough
269,9/21/2021 11:17,12.558,AA,James Brown Slough
270,9/21/2021 11:17,12.558,AA,James Brown Slough
271,9/21/2021 11:17,12.558,AA,James Brown Slough
272,9/21/2021 11:17,12.558,AA,James Brown Slough
273,9/21/2021 11:17,12.558,AA,James Brown Slough
274,9/21/2021 11:17,12.654,AA,James Brown Slough
275,9/21/2021 11:17,12.654,AA,James Brown Slough
276,9/21/2021 11:17,12.558,AA,James Brown Slough
277,9/21/2021 11:18,12.534,AA,James Brown Slough
278,9/21/2021 11:18,12.534,AA,James Brown Slough
279,9/21/2021 11:18,12.509,AA,James Brown Slough
280,9/21/2021 11:18,12.534,AA,James Brown Slough
281,9/21/2021 11:18,12.534,AA,James Brown Slough
282,9/21/2021 11:18,12.534,AA,James Brown Slough
283,9/21/2021 11:18,12.534,AA,James Brown Slough
284,9/21/2021 11:18,12.534,AA,James Brown Slough
285,9/21/2021 11:18,12.534,AA,James Brown Slough
286,9/21/2021 11:18,12.534,AA,James Brown Slough
287,9/21/2021 11:18,12.534,AA,James Brown Slough
288,9/21/2021 11:18,12.534,AA,James Brown Slough
289,9/21/2021 11:19,12.534,AA,James Brown Slough
290,9/21/2021 11:19,12.534,AA,James Brown Slough
291,9/21/2021 11:19,12.534,AA,James Brown Slough
292,9/21/2021 11:19,12.534,AA,James Brown Slough
293,9/21/2021 11:19,12.534,AA,James Brown Slough
294,9/21/2021 11:19,12.534,AA,James Brown Slough
295,9/21/2021 11:19,12.534,AA,James Brown Slough
296,9/21/2021 11:19,12.534,AA,James Brown Slough
297,9/21/2021 11:19,12.582,AA,James Brown Slough
298,9/21/2021 11:19,12.534,AA,James Brown Slough
299,9/21/2021 11:19,12.558,AA,James Brown Slough
300,9/21/2021 11:19,12.558,AA,James Brown Slough
301,9/21/2021 11:20,12.606,AA,James Brown Slough
302,9/21/2021 11:20,12.775,AA,James Brown Slough
303,9/21/2021 11:20,13.016,AA,James Brown Slough
304,9/21/2021 11:20,13.161,AA,James Brown Slough
305,9/21/2021 11:20,13.016,AA,James Brown Slough
306,9/21/2021 11:20,12.968,AA,James Brown Slough
307,9/21/2021 11:20,12.678,AA,James Brown Slough
308,9/21/2021 11:20,12.727,AA,James Brown Slough
309,9/21/2021 11:20,12.654,AA,James Brown Slough
310,9/21/2021 11:20,12.63,AA,James Brown Slough
311,9/21/2021 11:20,12.582,AA,James Brown Slough
312,9/21/2021 11:20,12.678,AA,James Brown Slough
313,9/21/2021 11:21,12.703,AA,James Brown Slough
314,9/21/2021 11:21,12.703,AA,James Brown Slough
315,9/21/2021 11:21,13.04,AA,James Brown Slough
316,9/21/2021 11:21,12.944,AA,James Brown Slough
317,9/21/2021 11:21,12.871,AA,James Brown Slough
318,9/21/2021 11:21,12.703,AA,James Brown Slough
319,9/21/2021 11:21,12.582,AA,James Brown Slough
320,9/21/2021 11:21,12.63,AA,James Brown Slough
321,9/21/2021 11:21,12.775,AA,James Brown Slough
322,9/21/2021 11:21,12.823,AA,James Brown Slough
323,9/21/2021 11:21,12.92,AA,James Brown Slough
324,9/21/2021 11:21,12.92,AA,James Brown Slough
325,9/21/2021 11:22,12.871,AA,James Brown Slough
326,9/21/2021 11:22,12.678,AA,James Brown Slough
327,9/21/2021 11:22,12.485,AA,James Brown Slough
328,9/21/2021 11:22,12.34,AA,James Brown Slough
329,9/21/2021 11:22,12.63,AA,James Brown Slough
330,9/21/2021 11:22,12.63,AA,James Brown Slough
331,9/21/2021 11:22,12.534,AA,James Brown Slough
332,9/21/2021 11:22,12.582,AA,James Brown Slough
333,9/21/2021 11:22,12.582,AA,James Brown Slough
334,9/21/2021 11:22,12.582,AA,James Brown Slough
335,9/21/2021 11:22,12.582,AA,James Brown Slough
336,9/21/2021 11:22,12.582,AA,James Brown Slough
337,9/21/2021 11:23,12.582,AA,James Brown Slough
338,9/21/2021 11:23,12.582,AA,James Brown Slough
339,9/21/2021 11:23,12.582,AA,James Brown Slough
340,9/21/2021 11:23,12.582,AA,James Brown Slough
341,9/21/2021 11:23,12.582,AA,James Brown Slough
342,9/21/2021 11:23,12.582,AA,James Brown Slough
343,9/21/2021 11:23,12.558,AA,James Brown Slough
344,9/21/2021 11:23,12.534,AA,James Brown Slough
345,9/21/2021 11:23,12.485,AA,James Brown Slough
346,9/21/2021 11:23,12.485,AA,James Brown Slough
347,9/21/2021 11:23,12.485,AA,James Brown Slough
348,9/21/2021 11:23,12.534,AA,James Brown Slough
349,9/21/2021 11:24,12.558,AA,James Brown Slough
350,9/21/2021 11:24,12.582,AA,James Brown Slough
351,9/21/2021 11:24,12.606,AA,James Brown Slough
352,9/21/2021 11:24,12.63,AA,James Brown Slough
353,9/21/2021 11:24,12.63,AA,James Brown Slough
354,9/21/2021 11:24,12.606,AA,James Brown Slough
355,9/21/2021 11:24,12.582,AA,James Brown Slough
356,9/21/2021 11:24,12.558,AA,James Brown Slough
357,9/21/2021 11:24,12.413,AA,James Brown Slough
358,9/21/2021 11:24,12.316,AA,James Brown Slough
359,9/21/2021 11:24,12.413,AA,James Brown Slough
360,9/21/2021 11:24,12.461,AA,James Brown Slough
361,9/21/2021 11:25,12.485,AA,James Brown Slough
362,9/21/2021 11:25,12.582,AA,James Brown Slough
363,9/21/2021 11:25,12.654,AA,James Brown Slough
364,9/21/2021 11:25,12.678,AA,James Brown Slough
365,9/21/2021 11:25,12.703,AA,James Brown Slough
366,9/21/2021 11:25,12.775,AA,James Brown Slough
367,9/21/2021 11:25,12.582,AA,James Brown Slough
368,9/21/2021 11:25,12.678,AA,James Brown Slough
369,9/21/2021 11:25,12.606,AA,James Brown Slough
370,9/21/2021 11:25,12.606,AA,James Brown Slough
371,9/21/2021 11:25,12.606,AA,James Brown Slough
372,9/21/2021 11:25,12.63,AA,James Brown Slough
373,9/21/2021 11:26,12.63,AA,James Brown Slough
374,9/21/2021 11:26,12.63,AA,James Brown Slough
375,9/21/2021 11:26,12.606,AA,James Brown Slough
376,9/21/2021 11:26,12.606,AA,James Brown Slough
377,9/21/2021 11:26,12.606,AA,James Brown Slough
378,9/21/2021 11:26,12.582,AA,James Brown Slough
379,9/21/2021 11:26,12.582,AA,James Brown Slough
380,9/21/2021 11:26,12.606,AA,James Brown Slough
381,9/21/2021 11:26,12.63,AA,James Brown Slough
382,9/21/2021 11:26,12.678,AA,James Brown Slough
383,9/21/2021 11:26,12.678,AA,James Brown Slough
384,9/21/2021 11:26,12.63,AA,James Brown Slough
385,9/21/2021 11:27,12.654,AA,James Brown Slough
386,9/21/2021 11:27,12.582,AA,James Brown Slough
387,9/21/2021 11:27,12.534,AA,James Brown Slough
388,9/21/2021 11:27,12.509,AA,James Brown Slough
389,9/21/2021 11:27,12.63,AA,James Brown Slough
390,9/21/2021 11:27,12.775,AA,James Brown Slough
391,9/21/2021 11:27,13.04,AA,James Brown Slough
392,9/21/2021 11:27,12.871,AA,James Brown Slough
393,9/21/2021 11:27,12.678,AA,James Brown Slough
394,9/21/2021 11:27,12.63,AA,James Brown Slough
395,9/21/2021 11:27,12.582,AA,James Brown Slough
396,9/21/2021 11:27,12.582,AA,James Brown Slough
397,9/21/2021 11:28,12.582,AA,James Brown Slough
398,9/21/2021 11:28,12.582,AA,James Brown Slough
399,9/21/2021 11:28,12.582,AA,James Brown Slough
400,9/21/2021 11:28,12.582,AA,James Brown Slough
401,9/21/2021 11:28,12.582,AA,James Brown Slough
402,9/21/2021 11:28,12.582,AA,James Brown Slough
403,9/21/2021 11:28,12.582,AA,James Brown Slough
404,9/21/2021 11:28,12.606,AA,James Brown Slough
405,9/21/2021 11:28,12.606,AA,James Brown Slough
406,9/21/2021 11:28,12.606,AA,James Brown Slough
407,9/21/2021 11:28,12.606,AA,James Brown Slough
408,9/21/2021 11:28,12.606,AA,James Brown Slough
409,9/21/2021 11:29,12.606,AA,James Brown Slough
410,9/21/2021 11:29,12.606,AA,James Brown Slough
411,9/21/2021 11:29,12.606,AA,James Brown Slough
412,9/21/2021 11:29,12.606,AA,James Brown Slough
413,9/21/2021 11:29,12.606,AA,James Brown Slough
414,9/21/2021 11:29,12.582,AA,James Brown Slough
415,9/21/2021 11:29,12.582,AA,James Brown Slough
416,9/21/2021 11:29,12.582,AA,James Brown Slough
417,9/21/2021 11:29,12.582,AA,James Brown Slough
418,9/21/2021 11:29,12.63,AA,James Brown Slough
419,9/21/2021 11:29,12.63,AA,James Brown Slough
420,9/21/2021 11:29,12.63,AA,James Brown Slough
421,9/21/2021 11:30,12.678,AA,James Brown Slough
422,9/21/2021 11:30,12.654,AA,James Brown Slough
423,9/21/2021 11:30,12.63,AA,James Brown Slough
424,9/21/2021 11:30,12.606,AA,James Brown Slough
425,9/21/2021 11:30,12.582,AA,James Brown Slough
426,9/21/2021 11:30,12.582,AA,James Brown Slough
427,9/21/2021 11:30,12.582,AA,James Brown Slough
428,9/21/2021 11:30,12.582,AA,James Brown Slough
429,9/21/2021 11:30,12.582,AA,James Brown Slough
430,9/21/2021 11:30,12.582,AA,James Brown Slough
431,9/21/2021 11:30,12.63,AA,James Brown Slough
432,9/21/2021 11:30,12.703,AA,James Brown Slough
433,9/21/2021 11:31,12.678,AA,James Brown Slough
434,9/21/2021 11:31,12.678,AA,James Brown Slough
435,9/21/2021 11:31,12.727,AA,James Brown Slough
436,9/21/2021 11:31,12.678,AA,James Brown Slough
437,9/21/2021 11:31,12.678,AA,James Brown Slough
438,9/21/2021 11:31,12.751,AA,James Brown Slough
439,9/21/2021 11:31,12.727,AA,James Brown Slough
440,9/21/2021 11:31,12.727,AA,James Brown Slough
441,9/21/2021 11:31,12.727,AA,James Brown Slough
442,9/21/2021 11:31,12.703,AA,James Brown Slough
443,9/21/2021 11:31,12.727,AA,James Brown Slough
444,9/21/2021 11:31,12.775,AA,James Brown Slough
445,9/21/2021 11:32,12.847,AA,James Brown Slough
446,9/21/2021 11:32,12.823,AA,James Brown Slough
447,9/21/2021 11:32,12.751,AA,James Brown Slough
448,9/21/2021 11:32,12.775,AA,James Brown Slough
449,9/21/2021 11:32,12.799,AA,James Brown Slough
450,9/21/2021 11:32,12.799,AA,James Brown Slough
451,9/21/2021 11:32,12.799,AA,James Brown Slough
452,9/21/2021 11:32,12.775,AA,James Brown Slough
453,9/21/2021 11:32,12.775,AA,James Brown Slough
454,9/21/2021 11:32,12.775,AA,James Brown Slough
455,9/21/2021 11:32,12.775,AA,James Brown Slough
456,9/21/2021 11:32,12.799,AA,James Brown Slough
457,9/21/2021 11:33,12.799,AA,James Brown Slough
458,9/21/2021 11:33,12.799,AA,James Brown Slough
459,9/21/2021 11:33,12.823,AA,James Brown Slough
460,9/21/2021 11:33,12.823,AA,James Brown Slough
461,9/21/2021 11:33,12.823,AA,James Brown Slough
462,9/21/2021 11:33,12.823,AA,James Brown Slough
463,9/21/2021 11:33,12.799,AA,James Brown Slough
464,9/21/2021 11:33,12.896,AA,James Brown Slough
465,9/21/2021 11:33,12.823,AA,James Brown Slough
466,9/21/2021 11:33,12.799,AA,James Brown Slough
467,9/21/2021 11:33,12.775,AA,James Brown Slough
468,9/21/2021 11:33,12.727,AA,James Brown Slough
469,9/21/2021 11:34,12.703,AA,James Brown Slough
470,9/21/2021 11:34,12.703,AA,James Brown Slough
471,9/21/2021 11:34,12.727,AA,James Brown Slough
472,9/21/2021 11:34,12.896,AA,James Brown Slough
473,9/21/2021 11:34,13.112,AA,James Brown Slough
474,9/21/2021 11:34,13.137,AA,James Brown Slough
475,9/21/2021 11:34,13.088,AA,James Brown Slough
476,9/21/2021 11:34,12.92,AA,James Brown Slough
477,9/21/2021 11:34,12.871,AA,James Brown Slough
478,9/21/2021 11:34,12.847,AA,James Brown Slough
479,9/21/2021 11:34,12.823,AA,James Brown Slough
480,9/21/2021 11:34,12.775,AA,James Brown Slough
481,9/21/2021 11:35,12.823,AA,James Brown Slough
482,9/21/2021 11:35,12.847,AA,James Brown Slough
483,9/21/2021 11:35,12.871,AA,James Brown Slough
484,9/21/2021 11:35,12.871,AA,James Brown Slough
485,9/21/2021 11:35,12.847,AA,James Brown Slough
486,9/21/2021 11:35,12.775,AA,James Brown Slough
487,9/21/2021 11:35,12.775,AA,James Brown Slough
488,9/21/2021 11:35,12.823,AA,James Brown Slough
489,9/21/2021 11:35,12.847,AA,James Brown Slough
490,9/21/2021 11:35,12.823,AA,James Brown Slough
491,9/21/2021 11:35,12.823,AA,James Brown Slough
492,9/21/2021 11:35,12.751,AA,James Brown Slough
493,9/21/2021 11:36,12.703,AA,James Brown Slough
494,9/21/2021 11:36,13.04,AA,James Brown Slough
495,9/21/2021 11:36,13.353,AA,James Brown Slough
496,9/21/2021 11:36,14.314,AA,James Brown Slough
497,9/21/2021 11:36,14.505,AA,James Brown Slough
498,9/21/2021 11:36,13.618,AA,James Brown Slough
499,9/21/2021 11:36,13.473,AA,James Brown Slough
500,9/21/2021 11:36,13.401,AA,James Brown Slough
501,9/21/2021 11:36,13.088,AA,James Brown Slough
502,9/21/2021 11:36,13.016,AA,James Brown Slough
503,9/21/2021 11:36,13.064,AA,James Brown Slough
504,9/21/2021 11:36,13.137,AA,James Brown Slough
505,9/21/2021 11:37,12.992,AA,James Brown Slough
506,9/21/2021 11:37,12.992,AA,James Brown Slough
507,9/21/2021 11:37,12.944,AA,James Brown Slough
508,9/21/2021 11:37,12.871,AA,James Brown Slough
509,9/21/2021 11:37,12.871,AA,James Brown Slough
510,9/21/2021 11:37,12.896,AA,James Brown Slough
511,9/21/2021 11:37,12.92,AA,James Brown Slough
512,9/21/2021 11:37,12.92,AA,James Brown Slough
513,9/21/2021 11:37,12.92,AA,James Brown Slough
514,9/21/2021 11:37,12.92,AA,James Brown Slough
515,9/21/2021 11:37,12.92,AA,James Brown Slough
516,9/21/2021 11:37,12.944,AA,James Brown Slough
517,9/21/2021 11:38,12.968,AA,James Brown Slough
518,9/21/2021 11:38,12.968,AA,James Brown Slough
519,9/21/2021 11:38,12.992,AA,James Brown Slough
520,9/21/2021 11:38,13.016,AA,James Brown Slough
521,9/21/2021 11:38,13.04,AA,James Brown Slough
522,9/21/2021 11:38,13.04,AA,James Brown Slough
523,9/21/2021 11:38,13.016,AA,James Brown Slough
524,9/21/2021 11:38,12.968,AA,James Brown Slough
525,9/21/2021 11:38,12.968,AA,James Brown Slough
526,9/21/2021 11:38,12.968,AA,James Brown Slough
527,9/21/2021 11:38,12.92,AA,James Brown Slough
528,9/21/2021 11:38,12.871,AA,James Brown Slough
529,9/21/2021 11:39,12.847,AA,James Brown Slough
530,9/21/2021 11:39,12.847,AA,James Brown Slough
531,9/21/2021 11:39,12.896,AA,James Brown Slough
532,9/21/2021 11:39,12.896,AA,James Brown Slough
533,9/21/2021 11:39,12.896,AA,James Brown Slough
534,9/21/2021 11:39,12.92,AA,James Brown Slough
535,9/21/2021 11:39,12.92,AA,James Brown Slough
536,9/21/2021 11:39,12.92,AA,James Brown Slough
537,9/21/2021 11:39,12.968,AA,James Brown Slough
538,9/21/2021 11:39,12.968,AA,James Brown Slough
539,9/21/2021 11:39,12.92,AA,James Brown Slough
540,9/21/2021 11:39,12.871,AA,James Brown Slough
541,9/21/2021 11:40,12.944,AA,James Brown Slough
542,9/21/2021 11:40,12.968,AA,James Brown Slough
543,9/21/2021 11:40,12.992,AA,James Brown Slough
544,9/21/2021 11:40,13.064,AA,James Brown Slough
545,9/21/2021 11:40,13.257,AA,James Brown Slough
546,9/21/2021 11:40,13.161,AA,James Brown Slough
547,9/21/2021 11:40,13.353,AA,James Brown Slough
548,9/21/2021 11:40,13.425,AA,James Brown Slough
549,9/21/2021 11:40,13.305,AA,James Brown Slough
550,9/21/2021 11:40,13.161,AA,James Brown Slough
551,9/21/2021 11:40,13.088,AA,James Brown Slough
552,9/21/2021 11:40,13.04,AA,James Brown Slough
553,9/21/2021 11:41,12.968,AA,James Brown Slough
554,9/21/2021 11:41,12.92,AA,James Brown Slough
555,9/21/2021 11:41,12.92,AA,James Brown Slough
556,9/21/2021 11:41,12.92,AA,James Brown Slough
557,9/21/2021 11:41,12.896,AA,James Brown Slough
558,9/21/2021 11:41,12.896,AA,James Brown Slough
559,9/21/2021 11:41,12.896,AA,James Brown Slough
560,9/21/2021 11:41,12.968,AA,James Brown Slough
561,9/21/2021 11:41,13.233,AA,James Brown Slough
562,9/21/2021 11:41,12.944,AA,James Brown Slough
563,9/21/2021 11:41,12.871,AA,James Brown Slough
564,9/21/2021 11:41,12.799,AA,James Brown Slough
565,9/21/2021 11:42,12.751,AA,James Brown Slough
566,9/21/2021 11:42,12.799,AA,James Brown Slough
567,9/21/2021 11:42,12.775,AA,James Brown Slough
568,9/21/2021 11:42,12.775,AA,James Brown Slough
569,9/21/2021 11:42,12.751,AA,James Brown Slough
570,9/21/2021 11:42,12.799,AA,James Brown Slough
571,9/21/2021 11:42,12.944,AA,James Brown Slough
572,9/21/2021 11:42,12.992,AA,James Brown Slough
573,9/21/2021 11:42,13.04,AA,James Brown Slough
574,9/21/2021 11:42,13.112,AA,James Brown Slough
575,9/21/2021 11:42,13.064,AA,James Brown Slough
576,9/21/2021 11:42,13.088,AA,James Brown Slough
577,9/21/2021 11:43,13.305,AA,James Brown Slough
578,9/21/2021 11:43,13.305,AA,James Brown Slough
579,9/21/2021 11:43,13.161,AA,James Brown Slough
580,9/21/2021 11:43,13.064,AA,James Brown Slough
581,9/21/2021 11:43,13.088,AA,James Brown Slough
582,9/21/2021 11:43,13.088,AA,James Brown Slough
583,9/21/2021 11:43,13.088,AA,James Brown Slough
584,9/21/2021 11:43,13.112,AA,James Brown Slough
585,9/21/2021 11:43,13.016,AA,James Brown Slough
586,9/21/2021 11:43,12.896,AA,James Brown Slough
587,9/21/2021 11:43,12.799,AA,James Brown Slough
588,9/21/2021 11:43,12.847,AA,James Brown Slough
589,9/21/2021 11:44,12.92,AA,James Brown Slough
590,9/21/2021 11:44,12.968,AA,James Brown Slough
591,9/21/2021 11:44,13.016,AA,James Brown Slough
592,9/21/2021 11:44,13.04,AA,James Brown Slough
593,9/21/2021 11:44,13.04,AA,James Brown Slough
594,9/21/2021 11:44,13.137,AA,James Brown Slough
595,9/21/2021 11:44,13.064,AA,James Brown Slough
596,9/21/2021 11:44,13.088,AA,James Brown Slough
597,9/21/2021 11:44,13.112,AA,James Brown Slough
598,9/21/2021 11:44,13.161,AA,James Brown Slough
599,9/21/2021 11:44,13.137,AA,James Brown Slough
600,9/21/2021 11:44,13.161,AA,James Brown Slough
601,9/21/2021 11:45,13.064,AA,James Brown Slough
602,9/21/2021 11:45,12.968,AA,James Brown Slough
603,9/21/2021 11:45,12.944,AA,James Brown Slough
604,9/21/2021 11:45,12.871,AA,James Brown Slough
605,9/21/2021 11:45,13.088,AA,James Brown Slough
606,9/21/2021 11:45,13.137,AA,James Brown Slough
607,9/21/2021 11:45,13.04,AA,James Brown Slough
608,9/21/2021 11:45,13.185,AA,James Brown Slough
609,9/21/2021 11:45,13.112,AA,James Brown Slough
610,9/21/2021 11:45,12.992,AA,James Brown Slough
611,9/21/2021 11:45,12.92,AA,James Brown Slough
612,9/21/2021 11:45,13.04,AA,James Brown Slough
613,9/21/2021 11:46,13.161,AA,James Brown Slough
614,9/21/2021 11:46,12.92,AA,James Brown Slough
615,9/21/2021 11:46,13.257,AA,James Brown Slough
616,9/21/2021 11:46,13.088,AA,James Brown Slough
617,9/21/2021 11:46,13.04,AA,James Brown Slough
618,9/21/2021 11:46,13.064,AA,James Brown Slough
619,9/21/2021 11:46,13.016,AA,James Brown Slough
620,9/21/2021 11:46,12.944,AA,James Brown Slough
621,9/21/2021 11:46,12.944,AA,James Brown Slough
622,9/21/2021 11:46,12.92,AA,James Brown Slough
623,9/21/2021 11:46,12.992,AA,James Brown Slough
624,9/21/2021 11:46,13.016,AA,James Brown Slough
625,9/21/2021 11:47,12.944,AA,James Brown Slough
626,9/21/2021 11:47,12.92,AA,James Brown Slough
627,9/21/2021 11:47,12.92,AA,James Brown Slough
628,9/21/2021 11:47,12.92,AA,James Brown Slough
629,9/21/2021 11:47,12.896,AA,James Brown Slough
630,9/21/2021 11:47,12.896,AA,James Brown Slough
631,9/21/2021 11:47,12.896,AA,James Brown Slough
632,9/21/2021 11:47,12.896,AA,James Brown Slough
633,9/21/2021 11:47,13.209,AA,James Brown Slough
634,9/21/2021 11:47,13.401,AA,James Brown Slough
635,9/21/2021 11:47,13.618,AA,James Brown Slough
636,9/21/2021 11:47,13.594,AA,James Brown Slough
637,9/21/2021 11:48,13.882,AA,James Brown Slough
638,9/21/2021 11:48,13.642,AA,James Brown Slough
639,9/21/2021 11:48,13.546,AA,James Brown Slough
640,9/21/2021 11:48,13.329,AA,James Brown Slough
641,9/21/2021 11:48,13.497,AA,James Brown Slough
642,9/21/2021 11:48,13.762,AA,James Brown Slough
643,9/21/2021 11:48,13.762,AA,James Brown Slough
644,9/21/2021 11:48,13.666,AA,James Brown Slough
645,9/21/2021 11:48,13.546,AA,James Brown Slough
646,9/21/2021 11:48,13.522,AA,James Brown Slough
647,9/21/2021 11:48,13.522,AA,James Brown Slough
648,9/21/2021 11:48,13.497,AA,James Brown Slough
649,9/21/2021 11:49,13.497,AA,James Brown Slough
650,9/21/2021 11:49,13.497,AA,James Brown Slough
651,9/21/2021 11:49,13.497,AA,James Brown Slough
652,9/21/2021 11:49,13.497,AA,James Brown Slough
653,9/21/2021 11:49,13.497,AA,James Brown Slough
654,9/21/2021 11:49,13.497,AA,James Brown Slough
655,9/21/2021 11:49,13.497,AA,James Brown Slough
656,9/21/2021 11:49,13.497,AA,James Brown Slough
657,9/21/2021 11:49,13.497,AA,James Brown Slough
658,9/21/2021 11:49,13.497,AA,James Brown Slough
659,9/21/2021 11:49,13.473,AA,James Brown Slough
660,9/21/2021 11:49,13.449,AA,James Brown Slough
661,9/21/2021 11:50,13.449,AA,James Brown Slough
662,9/21/2021 11:50,13.449,AA,James Brown Slough
663,9/21/2021 11:50,13.449,AA,James Brown Slough
664,9/21/2021 11:50,13.449,AA,James Brown Slough
665,9/21/2021 11:50,13.449,AA,James Brown Slough
666,9/21/2021 11:50,13.449,AA,James Brown Slough
667,9/21/2021 11:50,13.449,AA,James Brown Slough
668,9/21/2021 11:50,13.449,AA,James Brown Slough
669,9/21/2021 11:50,13.449,AA,James Brown Slough
670,9/21/2021 11:50,13.449,AA,James Brown Slough
671,9/21/2021 11:50,13.425,AA,James Brown Slough
672,9/21/2021 11:50,13.425,AA,James Brown Slough
673,9/21/2021 11:51,13.449,AA,James Brown Slough
674,9/21/2021 11:51,13.449,AA,James Brown Slough
675,9/21/2021 11:51,13.449,AA,James Brown Slough
676,9/21/2021 11:51,13.449,AA,James Brown Slough
677,9/21/2021 11:51,13.449,AA,James Brown Slough
678,9/21/2021 11:51,13.449,AA,James Brown Slough
679,9/21/2021 11:51,13.449,AA,James Brown Slough
680,9/21/2021 11:51,13.473,AA,James Brown Slough
681,9/21/2021 11:51,13.497,AA,James Brown Slough
682,9/21/2021 11:51,13.497,AA,James Brown Slough
683,9/21/2021 11:51,13.497,AA,James Brown Slough
684,9/21/2021 11:51,13.546,AA,James Brown Slough
685,9/21/2021 11:52,13.57,AA,James Brown Slough
686,9/21/2021 11:52,13.546,AA,James Brown Slough
687,9/21/2021 11:52,13.93,AA,James Brown Slough
688,9/21/2021 11:52,14.505,AA,James Brown Slough
689,9/21/2021 11:52,14.745,AA,James Brown Slough
690,9/21/2021 11:52,14.84,AA,James Brown Slough
691,9/21/2021 11:52,14.194,AA,James Brown Slough
692,9/21/2021 11:52,15.031,AA,James Brown Slough
693,9/21/2021 11:52,14.074,AA,James Brown Slough
694,9/21/2021 11:52,13.786,AA,James Brown Slough
695,9/21/2021 11:52,13.546,AA,James Brown Slough
696,9/21/2021 11:52,13.546,AA,James Brown Slough
697,9/21/2021 11:53,13.57,AA,James Brown Slough
698,9/21/2021 11:53,13.642,AA,James Brown Slough
699,9/21/2021 11:53,13.69,AA,James Brown Slough
700,9/21/2021 11:53,13.738,AA,James Brown Slough
701,9/21/2021 11:53,13.738,AA,James Brown Slough
702,9/21/2021 11:53,13.786,AA,James Brown Slough
703,9/21/2021 11:53,13.762,AA,James Brown Slough
704,9/21/2021 11:53,13.738,AA,James Brown Slough
705,9/21/2021 11:53,13.714,AA,James Brown Slough
706,9/21/2021 11:53,13.714,AA,James Brown Slough
707,9/21/2021 11:53,13.69,AA,James Brown Slough
708,9/21/2021 11:53,13.618,AA,James Brown Slough
709,9/21/2021 11:54,13.618,AA,James Brown Slough
710,9/21/2021 11:54,13.618,AA,James Brown Slough
711,9/21/2021 11:54,13.473,AA,James Brown Slough
712,9/21/2021 11:54,13.425,AA,James Brown Slough
713,9/21/2021 11:54,13.449,AA,James Brown Slough
714,9/21/2021 11:54,13.522,AA,James Brown Slough
715,9/21/2021 11:54,13.882,AA,James Brown Slough
716,9/21/2021 11:54,14.361,AA,James Brown Slough
717,9/21/2021 11:54,14.816,AA,James Brown Slough
718,9/21/2021 11:54,15.031,AA,James Brown Slough
719,9/21/2021 11:54,15.223,AA,James Brown Slough
720,9/21/2021 11:54,15.819,AA,James Brown Slough
721,9/21/2021 11:55,16.415,AA,James Brown Slough
722,9/21/2021 11:55,16.82,AA,James Brown Slough
723,9/21/2021 11:55,16.558,AA,James Brown Slough
724,9/21/2021 11:55,16.177,AA,James Brown Slough
725,9/21/2021 11:55,14.409,AA,James Brown Slough
726,9/21/2021 11:55,14.074,AA,James Brown Slough
727,9/21/2021 11:55,14.05,AA,James Brown Slough
728,9/21/2021 11:55,14.074,AA,James Brown Slough
729,9/21/2021 11:55,14.074,AA,James Brown Slough
730,9/21/2021 11:55,14.074,AA,James Brown Slough
731,9/21/2021 11:55,14.074,AA,James Brown Slough
732,9/21/2021 11:55,14.074,AA,James Brown Slough
733,9/21/2021 11:56,14.074,AA,James Brown Slough
734,9/21/2021 11:56,14.074,AA,James Brown Slough
735,9/21/2021 11:56,14.026,AA,James Brown Slough
736,9/21/2021 11:56,13.978,AA,James Brown Slough
737,9/21/2021 11:56,13.906,AA,James Brown Slough
738,9/21/2021 11:56,13.906,AA,James Brown Slough
739,9/21/2021 11:56,13.858,AA,James Brown Slough
740,9/21/2021 11:56,13.858,AA,James Brown Slough
741,9/21/2021 11:56,13.93,AA,James Brown Slough
742,9/21/2021 11:56,13.906,AA,James Brown Slough
743,9/21/2021 11:56,13.882,AA,James Brown Slough
744,9/21/2021 11:56,13.882,AA,James Brown Slough
745,9/21/2021 11:57,13.882,AA,James Brown Slough
746,9/21/2021 11:57,14.17,AA,James Brown Slough
747,9/21/2021 11:57,14.026,AA,James Brown Slough
748,9/21/2021 11:57,14.05,AA,James Brown Slough
749,9/21/2021 11:57,13.93,AA,James Brown Slough
750,9/21/2021 11:57,14.098,AA,James Brown Slough
751,9/21/2021 11:57,13.978,AA,James Brown Slough
752,9/21/2021 11:57,14.002,AA,James Brown Slough
753,9/21/2021 11:57,13.978,AA,James Brown Slough
754,9/21/2021 11:57,13.93,AA,James Brown Slough
755,9/21/2021 11:57,13.93,AA,James Brown Slough
756,9/21/2021 11:57,13.906,AA,James Brown Slough
757,9/21/2021 11:58,14.026,AA,James Brown Slough
758,9/21/2021 11:58,14.17,AA,James Brown Slough
759,9/21/2021 11:58,14.122,AA,James Brown Slough
760,9/21/2021 11:58,14.05,AA,James Brown Slough
761,9/21/2021 11:58,14.026,AA,James Brown Slough
762,9/21/2021 11:58,14.026,AA,James Brown Slough
763,9/21/2021 11:58,14.05,AA,James Brown Slough
764,9/21/2021 11:58,14.026,AA,James Brown Slough
765,9/21/2021 11:58,14.074,AA,James Brown Slough
766,9/21/2021 11:58,14.122,AA,James Brown Slough
767,9/21/2021 11:58,14.098,AA,James Brown Slough
768,9/21/2021 11:58,14.122,AA,James Brown Slough
769,9/21/2021 11:59,14.122,AA,James Brown Slough
770,9/21/2021 11:59,14.098,AA,James Brown Slough
771,9/21/2021 11:59,14.098,AA,James Brown Slough
772,9/21/2021 11:59,14.098,AA,James Brown Slough
773,9/21/2021 11:59,14.026,AA,James Brown Slough
774,9/21/2021 11:59,14.026,AA,James Brown Slough
775,9/21/2021 11:59,14.074,AA,James Brown Slough
776,9/21/2021 11:59,14.122,AA,James Brown Slough
777,9/21/2021 11:59,14.074,AA,James Brown Slough
778,9/21/2021 11:59,14.05,AA,James Brown Slough
779,9/21/2021 11:59,14.05,AA,James Brown Slough
780,9/21/2021 11:59,13.978,AA,James Brown Slough
781,9/21/2021 12:00,13.906,AA,James Brown Slough
782,9/21/2021 12:00,13.882,AA,James Brown Slough
783,9/21/2021 12:00,13.882,AA,James Brown Slough
784,9/21/2021 12:00,13.858,AA,James Brown Slough
785,9/21/2021 12:00,13.858,AA,James Brown Slough
786,9/21/2021 12:00,13.858,AA,James Brown Slough
787,9/21/2021 12:00,13.858,AA,James Brown Slough
788,9/21/2021 12:00,13.882,AA,James Brown Slough
789,9/21/2021 12:00,13.93,AA,James Brown Slough
790,9/21/2021 12:00,13.93,AA,James Brown Slough
791,9/21/2021 12:00,14.074,AA,James Brown Slough
792,9/21/2021 12:00,13.978,AA,James Brown Slough
793,9/21/2021 12:01,13.978,AA,James Brown Slough
794,9/21/2021 12:01,13.906,AA,James Brown Slough
795,9/21/2021 12:01,13.93,AA,James Brown Slough
796,9/21/2021 12:01,13.882,AA,James Brown Slough
797,9/21/2021 12:01,13.882,AA,James Brown Slough
798,9/21/2021 12:01,13.834,AA,James Brown Slough
799,9/21/2021 12:01,13.858,AA,James Brown Slough
800,9/21/2021 12:01,13.834,AA,James Brown Slough
801,9/21/2021 12:01,13.882,AA,James Brown Slough
802,9/21/2021 12:01,13.882,AA,James Brown Slough
803,9/21/2021 12:01,13.858,AA,James Brown Slough
804,9/21/2021 12:01,13.834,AA,James Brown Slough
805,9/21/2021 12:02,13.834,AA,James Brown Slough
806,9/21/2021 12:02,13.834,AA,James Brown Slough
807,9/21/2021 12:02,13.858,AA,James Brown Slough
808,9/21/2021 12:02,13.858,AA,James Brown Slough
809,9/21/2021 12:02,13.834,AA,James Brown Slough
810,9/21/2021 12:02,13.834,AA,James Brown Slough
811,9/21/2021 12:02,13.834,AA,James Brown Slough
812,9/21/2021 12:02,13.858,AA,James Brown Slough
813,9/21/2021 12:02,13.858,AA,James Brown Slough
814,9/21/2021 12:02,13.834,AA,James Brown Slough
815,9/21/2021 12:02,13.834,AA,James Brown Slough
816,9/21/2021 12:02,13.93,AA,James Brown Slough
817,9/21/2021 12:03,14.026,AA,James Brown Slough
818,9/21/2021 12:03,13.954,AA,James Brown Slough
819,9/21/2021 12:03,13.906,AA,James Brown Slough
820,9/21/2021 12:03,13.882,AA,James Brown Slough
821,9/21/2021 12:03,13.882,AA,James Brown Slough
822,9/21/2021 12:03,13.906,AA,James Brown Slough
823,9/21/2021 12:03,13.906,AA,James Brown Slough
824,9/21/2021 12:03,13.93,AA,James Brown Slough
825,9/21/2021 12:03,13.93,AA,James Brown Slough
826,9/21/2021 12:03,13.954,AA,James Brown Slough
827,9/21/2021 12:03,13.978,AA,James Brown Slough
828,9/21/2021 12:03,13.978,AA,James Brown Slough
829,9/21/2021 12:04,13.954,AA,James Brown Slough
830,9/21/2021 12:04,13.93,AA,James Brown Slough
831,9/21/2021 12:04,13.882,AA,James Brown Slough
832,9/21/2021 12:04,13.858,AA,James Brown Slough
833,9/21/2021 12:04,13.858,AA,James Brown Slough
834,9/21/2021 12:04,13.93,AA,James Brown Slough
835,9/21/2021 12:04,13.978,AA,James Brown Slough
836,9/21/2021 12:04,13.978,AA,James Brown Slough
837,9/21/2021 12:04,13.978,AA,James Brown Slough
838,9/21/2021 12:04,13.978,AA,James Brown Slough
839,9/21/2021 12:04,13.906,AA,James Brown Slough
840,9/21/2021 12:04,13.954,AA,James Brown Slough
841,9/21/2021 12:05,14.002,AA,James Brown Slough
842,9/21/2021 12:05,14.05,AA,James Brown Slough
843,9/21/2021 12:05,14.002,AA,James Brown Slough
844,9/21/2021 12:05,13.954,AA,James Brown Slough
845,9/21/2021 12:05,13.93,AA,James Brown Slough
846,9/21/2021 12:05,13.906,AA,James Brown Slough
847,9/21/2021 12:05,13.882,AA,James Brown Slough
848,9/21/2021 12:05,13.882,AA,James Brown Slough
849,9/21/2021 12:05,13.906,AA,James Brown Slough
850,9/21/2021 12:05,13.882,AA,James Brown Slough
851,9/21/2021 12:05,13.882,AA,James Brown Slough
852,9/21/2021 12:05,13.906,AA,James Brown Slough
853,9/21/2021 12:06,13.906,AA,James Brown Slough
854,9/21/2021 12:06,13.906,AA,James Brown Slough
855,9/21/2021 12:06,13.978,AA,James Brown Slough
856,9/21/2021 12:06,14.05,AA,James Brown Slough
857,9/21/2021 12:06,14.026,AA,James Brown Slough
858,9/21/2021 12:06,13.978,AA,James Brown Slough
859,9/21/2021 12:06,13.93,AA,James Brown Slough
860,9/21/2021 12:06,13.93,AA,James Brown Slough
861,9/21/2021 12:06,13.906,AA,James Brown Slough
862,9/21/2021 12:06,13.93,AA,James Brown Slough
863,9/21/2021 12:06,13.954,AA,James Brown Slough
864,9/21/2021 12:06,13.978,AA,James Brown Slough
865,9/21/2021 12:07,13.978,AA,James Brown Slough
866,9/21/2021 12:07,14.002,AA,James Brown Slough
867,9/21/2021 12:07,14.026,AA,James Brown Slough
868,9/21/2021 12:07,14.026,AA,James Brown Slough
869,9/21/2021 12:07,14.026,AA,James Brown Slough
870,9/21/2021 12:07,14.026,AA,James Brown Slough
871,9/21/2021 12:07,14.026,AA,James Brown Slough
872,9/21/2021 12:07,14.026,AA,James Brown Slough
873,9/21/2021 12:07,14.026,AA,James Brown Slough
874,9/21/2021 12:07,14.026,AA,James Brown Slough
875,9/21/2021 12:07,14.026,AA,James Brown Slough
876,9/21/2021 12:07,14.026,AA,James Brown Slough
877,9/21/2021 12:08,14.026,AA,James Brown Slough
878,9/21/2021 12:08,14.026,AA,James Brown Slough
879,9/21/2021 12:08,14.026,AA,James Brown Slough
880,9/21/2021 12:08,14.026,AA,James Brown Slough
881,9/21/2021 12:08,14.026,AA,James Brown Slough
882,9/21/2021 12:08,14.026,AA,James Brown Slough
883,9/21/2021 12:08,14.026,AA,James Brown Slough
884,9/21/2021 12:08,14.026,AA,James Brown Slough
885,9/21/2021 12:08,14.026,AA,James Brown Slough
886,9/21/2021 12:08,14.026,AA,James Brown Slough
887,9/21/2021 12:08,14.026,AA,James Brown Slough
888,9/21/2021 12:08,14.026,AA,James Brown Slough
889,9/21/2021 12:09,14.026,AA,James Brown Slough
890,9/21/2021 12:09,14.026,AA,James Brown Slough
891,9/21/2021 12:09,14.026,AA,James Brown Slough
892,9/21/2021 12:09,14.026,AA,James Brown Slough
893,9/21/2021 12:09,14.026,AA,James Brown Slough
894,9/21/2021 12:09,14.026,AA,James Brown Slough
895,9/21/2021 12:09,14.026,AA,James Brown Slough
896,9/21/2021 12:09,14.026,AA,James Brown Slough
897,9/21/2021 12:09,14.002,AA,James Brown Slough
898,9/21/2021 12:09,14.002,AA,James Brown Slough
899,9/21/2021 12:09,14.002,AA,James Brown Slough
900,9/21/2021 12:09,14.002,AA,James Brown Slough
901,9/21/2021 12:10,14.002,AA,James Brown Slough
902,9/21/2021 12:10,14.002,AA,James Brown Slough
903,9/21/2021 12:10,14.002,AA,James Brown Slough
904,9/21/2021 12:10,14.002,AA,James Brown Slough
905,9/21/2021 12:10,14.002,AA,James Brown Slough
906,9/21/2021 12:10,14.002,AA,James Brown Slough
907,9/21/2021 12:10,14.002,AA,James Brown Slough
908,9/21/2021 12:10,14.026,AA,James Brown Slough
909,9/21/2021 12:10,14.026,AA,James Brown Slough
910,9/21/2021 12:10,14.026,AA,James Brown Slough
911,9/21/2021 12:10,14.337,AA,James Brown Slough
912,9/21/2021 12:10,14.601,AA,James Brown Slough
913,9/21/2021 12:11,14.888,AA,James Brown Slough
914,9/21/2021 12:11,15.414,AA,James Brown Slough
915,9/21/2021 12:11,16.153,AA,James Brown Slough
916,9/21/2021 12:11,16.749,AA,James Brown Slough
917,9/21/2021 12:11,17.249,AA,James Brown Slough
918,9/21/2021 12:11,17.653,AA,James Brown Slough
919,9/21/2021 12:11,17.986,AA,James Brown Slough
920,9/21/2021 12:11,18.271,AA,James Brown Slough
921,9/21/2021 12:11,18.533,AA,James Brown Slough
922,9/21/2021 12:11,18.747,AA,James Brown Slough
923,9/21/2021 12:11,18.913,AA,James Brown Slough
924,9/21/2021 12:11,19.056,AA,James Brown Slough
925,9/21/2021 12:12,19.222,AA,James Brown Slough
926,9/21/2021 12:12,19.341,AA,James Brown Slough
927,9/21/2021 12:12,19.436,AA,James Brown Slough
928,9/21/2021 12:12,19.532,AA,James Brown Slough
929,9/21/2021 12:12,19.627,AA,James Brown Slough
930,9/21/2021 12:12,19.698,AA,James Brown Slough
931,9/21/2021 12:12,19.77,AA,James Brown Slough
932,9/21/2021 12:12,19.841,AA,James Brown Slough
933,9/21/2021 12:12,19.936,AA,James Brown Slough
934,9/21/2021 12:12,19.984,AA,James Brown Slough
935,9/21/2021 12:12,20.079,AA,James Brown Slough
936,9/21/2021 12:12,20.126,AA,James Brown Slough
937,9/21/2021 12:13,20.198,AA,James Brown Slough
938,9/21/2021 12:13,20.269,AA,James Brown Slough
939,9/21/2021 12:13,20.293,AA,James Brown Slough
940,9/21/2021 12:13,20.317,AA,James Brown Slough
941,9/21/2021 12:13,20.388,AA,James Brown Slough
942,9/21/2021 12:13,20.436,AA,James Brown Slough
943,9/21/2021 12:13,20.484,AA,James Brown Slough
944,9/21/2021 12:13,20.507,AA,James Brown Slough
945,9/21/2021 12:13,20.507,AA,James Brown Slough
946,9/21/2021 12:13,20.531,AA,James Brown Slough
947,9/21/2021 12:13,20.507,AA,James Brown Slough
948,9/21/2021 12:13,20.507,AA,James Brown Slough
949,9/21/2021 12:14,20.555,AA,James Brown Slough
950,9/21/2021 12:14,20.627,AA,James Brown Slough
951,9/21/2021 12:14,20.674,AA,James Brown Slough
952,9/21/2021 12:14,20.722,AA,James Brown Slough
953,9/21/2021 12:14,20.793,AA,James Brown Slough
954,9/21/2021 12:14,20.841,AA,James Brown Slough
955,9/21/2021 12:14,20.889,AA,James Brown Slough
956,9/21/2021 12:14,20.936,AA,James Brown Slough
957,9/21/2021 12:14,20.984,AA,James Brown Slough
958,9/21/2021 12:14,20.984,AA,James Brown Slough
959,9/21/2021 12:14,21.008,AA,James Brown Slough
960,9/21/2021 12:14,21.056,AA,James Brown Slough
961,9/21/2021 12:15,21.103,AA,James Brown Slough
962,9/21/2021 12:15,21.127,AA,James Brown Slough
963,9/21/2021 12:15,21.127,AA,James Brown Slough
964,9/21/2021 12:15,21.151,AA,James Brown Slough
965,9/21/2021 12:15,21.175,AA,James Brown Slough
966,9/21/2021 12:15,21.223,AA,James Brown Slough
967,9/21/2021 12:15,21.223,AA,James Brown Slough
968,9/21/2021 12:15,21.246,AA,James Brown Slough
969,9/21/2021 12:15,21.223,AA,James Brown Slough
970,9/21/2021 12:15,21.199,AA,James Brown Slough
971,9/21/2021 12:15,21.175,AA,James Brown Slough
972,9/21/2021 12:15,21.127,AA,James Brown Slough
973,9/21/2021 12:16,21.079,AA,James Brown Slough
974,9/21/2021 12:16,21.079,AA,James Brown Slough
975,9/21/2021 12:16,21.056,AA,James Brown Slough
976,9/21/2021 12:16,21.032,AA,James Brown Slough
977,9/21/2021 12:16,21.032,AA,James Brown Slough
978,9/21/2021 12:16,21.008,AA,James Brown Slough
979,9/21/2021 12:16,20.984,AA,James Brown Slough
980,9/21/2021 12:16,20.984,AA,James Brown Slough
981,9/21/2021 12:16,20.96,AA,James Brown Slough
982,9/21/2021 12:16,20.96,AA,James Brown Slough
983,9/21/2021 12:16,20.936,AA,James Brown Slough
984,9/21/2021 12:16,20.889,AA,James Brown Slough
985,9/21/2021 12:17,20.889,AA,James Brown Slough
986,9/21/2021 12:17,20.865,AA,James Brown Slough
987,9/21/2021 12:17,20.865,AA,James Brown Slough
988,9/21/2021 12:17,20.841,AA,James Brown Slough
989,9/21/2021 12:17,20.841,AA,James Brown Slough
990,9/21/2021 12:17,20.841,AA,James Brown Slough
991,9/21/2021 12:17,20.841,AA,James Brown Slough
992,9/21/2021 12:17,20.841,AA,James Brown Slough
993,9/21/2021 12:17,20.841,AA,James Brown Slough
994,9/21/2021 12:17,20.817,AA,James Brown Slough
995,9/21/2021 12:17,20.77,AA,James Brown Slough
996,9/21/2021 12:17,20.722,AA,James Brown Slough
997,9/21/2021 12:18,20.65,AA,James Brown Slough
998,9/21/2021 12:18,20.555,AA,James Brown Slough
999,9/21/2021 12:18,20.484,AA,James Brown Slough
1000,9/21/2021 12:18,20.412,AA,James Brown Slough
1001,9/21/2021 12:18,20.365,AA,James Brown Slough
1002,9/21/2021 12:18,20.293,AA,James Brown Slough
1003,9/21/2021 12:18,20.246,AA,James Brown Slough
1004,9/21/2021 12:18,20.198,AA,James Brown Slough
1005,9/21/2021 12:18,20.15,AA,James Brown Slough
1006,9/21/2021 12:18,20.103,AA,James Brown Slough
1007,9/21/2021 12:18,20.079,AA,James Brown Slough
1008,9/21/2021 12:18,20.031,AA,James Brown Slough
1009,9/21/2021 12:19,20.007,AA,James Brown Slough
1010,9/21/2021 12:19,19.984,AA,James Brown Slough
1011,9/21/2021 12:19,19.984,AA,James Brown Slough
1012,9/21/2021 12:19,19.984,AA,James Brown Slough
1013,9/21/2021 12:19,19.984,AA,James Brown Slough
1014,9/21/2021 12:19,20.031,AA,James Brown Slough
1015,9/21/2021 12:19,20.031,AA,James Brown Slough
1016,9/21/2021 12:19,20.055,AA,James Brown Slough
1017,9/21/2021 12:19,20.079,AA,James Brown Slough
1018,9/21/2021 12:19,20.079,AA,James Brown Slough
1019,9/21/2021 12:19,20.079,AA,James Brown Slough
1020,9/21/2021 12:19,20.103,AA,James Brown Slough
1021,9/21/2021 12:20,20.103,AA,James Brown Slough
1022,9/21/2021 12:20,20.103,AA,James Brown Slough
1023,9/21/2021 12:20,20.103,AA,James Brown Slough
1024,9/21/2021 12:20,20.079,AA,James Brown Slough
1025,9/21/2021 12:20,20.079,AA,James Brown Slough
1026,9/21/2021 12:20,20.079,AA,James Brown Slough
1027,9/21/2021 12:20,20.079,AA,James Brown Slough
1028,9/21/2021 12:20,20.055,AA,James Brown Slough
1029,9/21/2021 12:20,20.031,AA,James Brown Slough
1030,9/21/2021 12:20,20.031,AA,James Brown Slough
1031,9/21/2021 12:20,20.031,AA,James Brown Slough
1032,9/21/2021 12:20,20.007,AA,James Brown Slough
1033,9/21/2021 12:21,20.007,AA,James Brown Slough
1034,9/21/2021 12:21,19.984,AA,James Brown Slough
1035,9/21/2021 12:21,19.984,AA,James Brown Slough
1036,9/21/2021 12:21,19.96,AA,James Brown Slough
1037,9/21/2021 12:21,19.936,AA,James Brown Slough
1038,9/21/2021 12:21,19.936,AA,James Brown Slough
1039,9/21/2021 12:21,19.912,AA,James Brown Slough
1040,9/21/2021 12:21,19.912,AA,James Brown Slough
1041,9/21/2021 12:21,19.888,AA,James Brown Slough
1042,9/21/2021 12:21,19.888,AA,James Brown Slough
1043,9/21/2021 12:21,19.865,AA,James Brown Slough
1044,9/21/2021 12:21,19.865,AA,James Brown Slough
1045,9/21/2021 12:22,19.841,AA,James Brown Slough
1046,9/21/2021 12:22,19.841,AA,James Brown Slough
1047,9/21/2021 12:22,19.841,AA,James Brown Slough
1048,9/21/2021 12:22,19.841,AA,James Brown Slough
1049,9/21/2021 12:22,19.841,AA,James Brown Slough
1050,9/21/2021 12:22,19.817,AA,James Brown Slough
1051,9/21/2021 12:22,19.817,AA,James Brown Slough
1052,9/21/2021 12:22,19.793,AA,James Brown Slough
1053,9/21/2021 12:22,19.793,AA,James Brown Slough
1054,9/21/2021 12:22,19.793,AA,James Brown Slough
1055,9/21/2021 12:22,19.793,AA,James Brown Slough
1056,9/21/2021 12:22,19.77,AA,James Brown Slough
1057,9/21/2021 12:23,19.746,AA,James Brown Slough
1058,9/21/2021 12:23,19.746,AA,James Brown Slough
1059,9/21/2021 12:23,19.746,AA,James Brown Slough
1060,9/21/2021 12:23,19.722,AA,James Brown Slough
1061,9/21/2021 12:23,19.698,AA,James Brown Slough
1062,9/21/2021 12:23,19.698,AA,James Brown Slough
1063,9/21/2021 12:23,19.698,AA,James Brown Slough
1064,9/21/2021 12:23,19.674,AA,James Brown Slough
1065,9/21/2021 12:23,19.651,AA,James Brown Slough
1066,9/21/2021 12:23,19.651,AA,James Brown Slough
1067,9/21/2021 12:23,19.651,AA,James Brown Slough
1068,9/21/2021 12:23,19.627,AA,James Brown Slough
1069,9/21/2021 12:24,19.627,AA,James Brown Slough
1070,9/21/2021 12:24,19.603,AA,James Brown Slough
1071,9/21/2021 12:24,19.603,AA,James Brown Slough
1072,9/21/2021 12:24,19.603,AA,James Brown Slough
1073,9/21/2021 12:24,19.579,AA,James Brown Slough
1074,9/21/2021 12:24,19.555,AA,James Brown Slough
1075,9/21/2021 12:24,19.555,AA,James Brown Slough
1076,9/21/2021 12:24,19.555,AA,James Brown Slough
1077,9/21/2021 12:24,19.532,AA,James Brown Slough
1078,9/21/2021 12:24,19.532,AA,James Brown Slough
1079,9/21/2021 12:24,19.532,AA,James Brown Slough
1080,9/21/2021 12:24,19.508,AA,James Brown Slough
1081,9/21/2021 12:25,19.508,AA,James Brown Slough
1082,9/21/2021 12:25,19.508,AA,James Brown Slough
1083,9/21/2021 12:25,19.508,AA,James Brown Slough
1084,9/21/2021 12:25,19.484,AA,James Brown Slough
1085,9/21/2021 12:25,19.484,AA,James Brown Slough
1086,9/21/2021 12:25,19.46,AA,James Brown Slough
1087,9/21/2021 12:25,19.46,AA,James Brown Slough
1088,9/21/2021 12:25,19.46,AA,James Brown Slough
1089,9/21/2021 12:25,19.46,AA,James Brown Slough
1090,9/21/2021 12:25,19.436,AA,James Brown Slough
1091,9/21/2021 12:25,19.436,AA,James Brown Slough
1092,9/21/2021 12:25,19.436,AA,James Brown Slough
1093,9/21/2021 12:26,19.413,AA,James Brown Slough
1094,9/21/2021 12:26,19.413,AA,James Brown Slough
1095,9/21/2021 12:26,19.413,AA,James Brown Slough
1096,9/21/2021 12:26,19.413,AA,James Brown Slough
1097,9/21/2021 12:26,19.413,AA,James Brown Slough
1098,9/21/2021 12:26,19.413,AA,James Brown Slough
1099,9/21/2021 12:26,19.389,AA,James Brown Slough
1100,9/21/2021 12:26,19.365,AA,James Brown Slough
1101,9/21/2021 12:26,19.365,AA,James Brown Slough
1102,9/21/2021 12:26,19.365,AA,James Brown Slough
1103,9/21/2021 12:26,19.365,AA,James Brown Slough
1104,9/21/2021 12:26,19.341,AA,James Brown Slough
1105,9/21/2021 12:27,19.318,AA,James Brown Slough
1106,9/21/2021 12:27,19.318,AA,James Brown Slough
1107,9/21/2021 12:27,19.318,AA,James Brown Slough
1108,9/21/2021 12:27,19.318,AA,James Brown Slough
1109,9/21/2021 12:27,19.294,AA,James Brown Slough
1110,9/21/2021 12:27,19.294,AA,James Brown Slough
1111,9/21/2021 12:27,19.294,AA,James Brown Slough
1112,9/21/2021 12:27,19.294,AA,James Brown Slough
1113,9/21/2021 12:27,19.294,AA,James Brown Slough
1114,9/21/2021 12:27,19.27,AA,James Brown Slough
1115,9/21/2021 12:27,19.294,AA,James Brown Slough
1116,9/21/2021 12:27,19.294,AA,James Brown Slough
1117,9/21/2021 12:28,19.294,AA,James Brown Slough
1118,9/21/2021 12:28,19.294,AA,James Brown Slough
1119,9/21/2021 12:28,19.294,AA,James Brown Slough
1120,9/21/2021 12:28,19.294,AA,James Brown Slough
1121,9/21/2021 12:28,19.294,AA,James Brown Slough
1122,9/21/2021 12:28,19.294,AA,James Brown Slough
1123,9/21/2021 12:28,19.294,AA,James Brown Slough
1124,9/21/2021 12:28,19.294,AA,James Brown Slough
1125,9/21/2021 12:28,19.318,AA,James Brown Slough
1126,9/21/2021 12:28,19.318,AA,James Brown Slough
1127,9/21/2021 12:28,19.318,AA,James Brown Slough
1128,9/21/2021 12:28,19.318,AA,James Brown Slough
1129,9/21/2021 12:29,19.318,AA,James Brown Slough
1130,9/21/2021 12:29,19.318,AA,James Brown Slough
1131,9/21/2021 12:29,19.318,AA,James Brown Slough
1132,9/21/2021 12:29,19.318,AA,James Brown Slough
1133,9/21/2021 12:29,19.318,AA,James Brown Slough
1134,9/21/2021 12:29,19.318,AA,James Brown Slough
1135,9/21/2021 12:29,19.318,AA,James Brown Slough
1136,9/21/2021 12:29,19.318,AA,James Brown Slough
1137,9/21/2021 12:29,19.318,AA,James Brown Slough
1138,9/21/2021 12:29,19.318,AA,James Brown Slough
1139,9/21/2021 12:29,19.318,AA,James Brown Slough
1140,9/21/2021 12:29,19.341,AA,James Brown Slough
1141,9/21/2021 12:30,19.341,AA,James Brown Slough
1142,9/21/2021 12:30,19.341,AA,James Brown Slough
1143,9/21/2021 12:30,19.341,AA,James Brown Slough
1144,9/21/2021 12:30,19.341,AA,James Brown Slough
1145,9/21/2021 12:30,19.341,AA,James Brown Slough
1146,9/21/2021 12:30,19.341,AA,James Brown Slough
1147,9/21/2021 12:30,19.341,AA,James Brown Slough
1148,9/21/2021 12:30,19.341,AA,James Brown Slough
1149,9/21/2021 12:30,19.365,AA,James Brown Slough
1150,9/21/2021 12:30,19.365,AA,James Brown Slough
1151,9/21/2021 12:30,19.365,AA,James Brown Slough
1152,9/21/2021 12:30,19.365,AA,James Brown Slough
1153,9/21/2021 12:31,19.365,AA,James Brown Slough
1154,9/21/2021 12:31,19.365,AA,James Brown Slough
1155,9/21/2021 12:31,19.365,AA,James Brown Slough
1156,9/21/2021 12:31,19.365,AA,James Brown Slough
1157,9/21/2021 12:31,19.365,AA,James Brown Slough
1158,9/21/2021 12:31,19.365,AA,James Brown Slough
1159,9/21/2021 12:31,19.365,AA,James Brown Slough
1160,9/21/2021 12:31,19.365,AA,James Brown Slough
1161,9/21/2021 12:31,19.365,AA,James Brown Slough
1162,9/21/2021 12:31,19.365,AA,James Brown Slough
1163,9/21/2021 12:31,19.389,AA,James Brown Slough
1164,9/21/2021 12:31,19.389,AA,James Brown Slough
1165,9/21/2021 12:32,19.389,AA,James Brown Slough
1166,9/21/2021 12:32,19.389,AA,James Brown Slough
1167,9/21/2021 12:32,19.389,AA,James Brown Slough
1168,9/21/2021 12:32,19.389,AA,James Brown Slough
1169,9/21/2021 12:32,19.389,AA,James Brown Slough
1170,9/21/2021 12:32,19.389,AA,James Brown Slough
1171,9/21/2021 12:32,19.389,AA,James Brown Slough
1172,9/21/2021 12:32,19.389,AA,James Brown Slough
1173,9/21/2021 12:32,19.413,AA,James Brown Slough
1174,9/21/2021 12:32,19.413,AA,James Brown Slough
1175,9/21/2021 12:32,19.413,AA,James Brown Slough
1176,9/21/2021 12:32,19.413,AA,James Brown Slough
1177,9/21/2021 12:33,19.413,AA,James Brown Slough
1178,9/21/2021 12:33,19.413,AA,James Brown Slough
1179,9/21/2021 12:33,19.413,AA,James Brown Slough
1180,9/21/2021 12:33,19.413,AA,James Brown Slough
1181,9/21/2021 12:33,19.413,AA,James Brown Slough
1182,9/21/2021 12:33,19.413,AA,James Brown Slough
1183,9/21/2021 12:33,19.413,AA,James Brown Slough
1184,9/21/2021 12:33,19.413,AA,James Brown Slough
1185,9/21/2021 12:33,19.413,AA,James Brown Slough
1186,9/21/2021 12:33,19.413,AA,James Brown Slough
1187,9/21/2021 12:33,19.413,AA,James Brown Slough
1188,9/21/2021 12:33,19.413,AA,James Brown Slough
1189,9/21/2021 12:34,19.413,AA,James Brown Slough
1190,9/21/2021 12:34,19.413,AA,James Brown Slough
1191,9/21/2021 12:34,19.413,AA,James Brown Slough
1192,9/21/2021 12:34,19.413,AA,James Brown Slough
1193,9/21/2021 12:34,19.413,AA,James Brown Slough
1194,9/21/2021 12:34,19.413,AA,James Brown Slough
1195,9/21/2021 12:34,19.389,AA,James Brown Slough
1196,9/21/2021 12:34,19.413,AA,James Brown Slough
1197,9/21/2021 12:34,19.413,AA,James Brown Slough
1198,9/21/2021 12:34,19.413,AA,James Brown Slough
1199,9/21/2021 12:34,19.436,AA,James Brown Slough
1200,9/21/2021 12:34,19.436,AA,James Brown Slough
1201,9/21/2021 12:35,19.46,AA,James Brown Slough
1202,9/21/2021 12:35,19.436,AA,James Brown Slough
1203,9/21/2021 12:35,19.436,AA,James Brown Slough
1204,9/21/2021 12:35,19.413,AA,James Brown Slough
1205,9/21/2021 12:35,19.413,AA,James Brown Slough
1206,9/21/2021 12:35,19.389,AA,James Brown Slough
1207,9/21/2021 12:35,19.365,AA,James Brown Slough
1208,9/21/2021 12:35,19.365,AA,James Brown Slough
1209,9/21/2021 12:35,19.341,AA,James Brown Slough
1210,9/21/2021 12:35,19.341,AA,James Brown Slough
1211,9/21/2021 12:35,19.318,AA,James Brown Slough
1212,9/21/2021 12:35,19.318,AA,James Brown Slough
1213,9/21/2021 12:36,19.318,AA,James Brown Slough
1214,9/21/2021 12:36,19.294,AA,James Brown Slough
1215,9/21/2021 12:36,19.294,AA,James Brown Slough
1216,9/21/2021 12:36,19.294,AA,James Brown Slough
1217,9/21/2021 12:36,19.27,AA,James Brown Slough
1218,9/21/2021 12:36,19.27,AA,James Brown Slough
1219,9/21/2021 12:36,19.27,AA,James Brown Slough
1220,9/21/2021 12:36,19.27,AA,James Brown Slough
1221,9/21/2021 12:36,19.27,AA,James Brown Slough
1222,9/21/2021 12:36,19.27,AA,James Brown Slough
1223,9/21/2021 12:36,19.27,AA,James Brown Slough
1224,9/21/2021 12:36,19.246,AA,James Brown Slough
1225,9/21/2021 12:37,19.246,AA,James Brown Slough
1226,9/21/2021 12:37,19.246,AA,James Brown Slough
1227,9/21/2021 12:37,19.246,AA,James Brown Slough
1228,9/21/2021 12:37,19.246,AA,James Brown Slough
1229,9/21/2021 12:37,19.246,AA,James Brown Slough
1230,9/21/2021 12:37,19.246,AA,James Brown Slough
1231,9/21/2021 12:37,19.246,AA,James Brown Slough
1232,9/21/2021 12:37,19.246,AA,James Brown Slough
1233,9/21/2021 12:37,19.246,AA,James Brown Slough
1234,9/21/2021 12:37,19.27,AA,James Brown Slough
1235,9/21/2021 12:37,19.27,AA,James Brown Slough
1236,9/21/2021 12:37,19.27,AA,James Brown Slough
1237,9/21/2021 12:38,19.27,AA,James Brown Slough
1238,9/21/2021 12:38,19.27,AA,James Brown Slough
1239,9/21/2021 12:38,19.294,AA,James Brown Slough
1240,9/21/2021 12:38,19.294,AA,James Brown Slough
1241,9/21/2021 12:38,19.294,AA,James Brown Slough
1242,9/21/2021 12:38,19.294,AA,James Brown Slough
1243,9/21/2021 12:38,19.318,AA,James Brown Slough
1244,9/21/2021 12:38,19.318,AA,James Brown Slough
1245,9/21/2021 12:38,19.318,AA,James Brown Slough
1246,9/21/2021 12:38,19.318,AA,James Brown Slough
1247,9/21/2021 12:38,19.294,AA,James Brown Slough
1248,9/21/2021 12:38,19.294,AA,James Brown Slough
1249,9/21/2021 12:39,19.27,AA,James Brown Slough
1250,9/21/2021 12:39,19.27,AA,James Brown Slough
1251,9/21/2021 12:39,19.246,AA,James Brown Slough
1252,9/21/2021 12:39,19.222,AA,James Brown Slough
1253,9/21/2021 12:39,19.222,AA,James Brown Slough
1254,9/21/2021 12:39,19.199,AA,James Brown Slough
1255,9/21/2021 12:39,19.175,AA,James Brown Slough
1256,9/21/2021 12:39,19.175,AA,James Brown Slough
1257,9/21/2021 12:39,19.175,AA,James Brown Slough
1258,9/21/2021 12:39,19.151,AA,James Brown Slough
1259,9/21/2021 12:39,19.127,AA,James Brown Slough
1260,9/21/2021 12:39,19.127,AA,James Brown Slough
1261,9/21/2021 12:40,19.127,AA,James Brown Slough
1262,9/21/2021 12:40,19.103,AA,James Brown Slough
1263,9/21/2021 12:40,19.08,AA,James Brown Slough
1264,9/21/2021 12:40,19.08,AA,James Brown Slough
1265,9/21/2021 12:40,19.08,AA,James Brown Slough
1266,9/21/2021 12:40,19.056,AA,James Brown Slough
1267,9/21/2021 12:40,19.056,AA,James Brown Slough
1268,9/21/2021 12:40,19.032,AA,James Brown Slough
1269,9/21/2021 12:40,19.032,AA,James Brown Slough
1270,9/21/2021 12:40,19.032,AA,James Brown Slough
1271,9/21/2021 12:40,19.032,AA,James Brown Slough
1272,9/21/2021 12:40,19.008,AA,James Brown Slough
1273,9/21/2021 12:41,19.008,AA,James Brown Slough
1274,9/21/2021 12:41,18.985,AA,James Brown Slough
1275,9/21/2021 12:41,18.985,AA,James Brown Slough
1276,9/21/2021 12:41,18.985,AA,James Brown Slough
1277,9/21/2021 12:41,18.985,AA,James Brown Slough
1278,9/21/2021 12:41,18.985,AA,James Brown Slough
1279,9/21/2021 12:41,18.961,AA,James Brown Slough
1280,9/21/2021 12:41,18.961,AA,James Brown Slough
1281,9/21/2021 12:41,18.961,AA,James Brown Slough
1282,9/21/2021 12:41,18.961,AA,James Brown Slough
1283,9/21/2021 12:41,18.961,AA,James Brown Slough
1284,9/21/2021 12:41,18.961,AA,James Brown Slough
1285,9/21/2021 12:42,18.961,AA,James Brown Slough
1286,9/21/2021 12:42,18.961,AA,James Brown Slough
1287,9/21/2021 12:42,18.961,AA,James Brown Slough
1288,9/21/2021 12:42,18.961,AA,James Brown Slough
1289,9/21/2021 12:42,18.961,AA,James Brown Slough
1290,9/21/2021 12:42,18.961,AA,James Brown Slough
1291,9/21/2021 12:42,18.961,AA,James Brown Slough
1292,9/21/2021 12:42,18.961,AA,James Brown Slough
1293,9/21/2021 12:42,18.961,AA,James Brown Slough
1294,9/21/2021 12:42,18.961,AA,James Brown Slough
1295,9/21/2021 12:42,18.961,AA,James Brown Slough
1296,9/21/2021 12:42,18.937,AA,James Brown Slough
1297,9/21/2021 12:43,18.937,AA,James Brown Slough
1298,9/21/2021 12:43,18.937,AA,James Brown Slough
1299,9/21/2021 12:43,18.937,AA,James Brown Slough
1300,9/21/2021 12:43,18.937,AA,James Brown Slough
1301,9/21/2021 12:43,18.937,AA,James Brown Slough
1302,9/21/2021 12:43,18.937,AA,James Brown Slough
1303,9/21/2021 12:43,18.937,AA,James Brown Slough
1304,9/21/2021 12:43,18.937,AA,James Brown Slough
1305,9/21/2021 12:43,18.937,AA,James Brown Slough
1306,9/21/2021 12:43,18.937,AA,James Brown Slough
1307,9/21/2021 12:43,18.937,AA,James Brown Slough
1308,9/21/2021 12:43,18.913,AA,James Brown Slough
1309,9/21/2021 12:44,18.913,AA,James Brown Slough
1310,9/21/2021 12:44,18.913,AA,James Brown Slough
1311,9/21/2021 12:44,18.913,AA,James Brown Slough
1312,9/21/2021 12:44,18.889,AA,James Brown Slough
1313,9/21/2021 12:44,18.889,AA,James Brown Slough
1314,9/21/2021 12:44,18.889,AA,James Brown Slough
1315,9/21/2021 12:44,18.889,AA,James Brown Slough
1316,9/21/2021 12:44,18.889,AA,James Brown Slough
1317,9/21/2021 12:44,18.889,AA,James Brown Slough
1318,9/21/2021 12:44,18.866,AA,James Brown Slough
1319,9/21/2021 12:44,18.866,AA,James Brown Slough
1320,9/21/2021 12:44,18.866,AA,James Brown Slough
1321,9/21/2021 12:45,18.866,AA,James Brown Slough
1322,9/21/2021 12:45,18.842,AA,James Brown Slough
1323,9/21/2021 12:45,18.842,AA,James Brown Slough
1324,9/21/2021 12:45,18.842,AA,James Brown Slough
1325,9/21/2021 12:45,18.842,AA,James Brown Slough
1326,9/21/2021 12:45,18.842,AA,James Brown Slough
1327,9/21/2021 12:45,18.842,AA,James Brown Slough
1328,9/21/2021 12:45,18.818,AA,James Brown Slough
1329,9/21/2021 12:45,18.818,AA,James Brown Slough
1330,9/21/2021 12:45,18.818,AA,James Brown Slough
1331,9/21/2021 12:45,18.818,AA,James Brown Slough
1332,9/21/2021 12:45,18.794,AA,James Brown Slough
1333,9/21/2021 12:46,18.794,AA,James Brown Slough
1334,9/21/2021 12:46,18.794,AA,James Brown Slough
1335,9/21/2021 12:46,18.794,AA,James Brown Slough
1336,9/21/2021 12:46,18.794,AA,James Brown Slough
1337,9/21/2021 12:46,18.794,AA,James Brown Slough
1338,9/21/2021 12:46,18.771,AA,James Brown Slough
1339,9/21/2021 12:46,18.771,AA,James Brown Slough
1340,9/21/2021 12:46,18.771,AA,James Brown Slough
1341,9/21/2021 12:46,18.771,AA,James Brown Slough
1342,9/21/2021 12:46,18.747,AA,James Brown Slough
1343,9/21/2021 12:46,18.747,AA,James Brown Slough
1344,9/21/2021 12:46,18.747,AA,James Brown Slough
1345,9/21/2021 12:47,18.747,AA,James Brown Slough
1346,9/21/2021 12:47,18.747,AA,James Brown Slough
1347,9/21/2021 12:47,18.723,AA,James Brown Slough
1348,9/21/2021 12:47,18.723,AA,James Brown Slough
1349,9/21/2021 12:47,18.723,AA,James Brown Slough
1350,9/21/2021 12:47,18.723,AA,James Brown Slough
1351,9/21/2021 12:47,18.699,AA,James Brown Slough
1352,9/21/2021 12:47,18.699,AA,James Brown Slough
1353,9/21/2021 12:47,18.699,AA,James Brown Slough
1354,9/21/2021 12:47,18.699,AA,James Brown Slough
1355,9/21/2021 12:47,18.699,AA,James Brown Slough
1356,9/21/2021 12:47,18.675,AA,James Brown Slough
1357,9/21/2021 12:48,18.675,AA,James Brown Slough
1358,9/21/2021 12:48,18.675,AA,James Brown Slough
1359,9/21/2021 12:48,18.675,AA,James Brown Slough
1360,9/21/2021 12:48,18.652,AA,James Brown Slough
1361,9/21/2021 12:48,18.652,AA,James Brown Slough
1362,9/21/2021 12:48,18.652,AA,James Brown Slough
1363,9/21/2021 12:48,18.652,AA,James Brown Slough
1364,9/21/2021 12:48,18.652,AA,James Brown Slough
1365,9/21/2021 12:48,18.652,AA,James Brown Slough
1366,9/21/2021 12:48,18.628,AA,James Brown Slough
1367,9/21/2021 12:48,18.628,AA,James Brown Slough
1368,9/21/2021 12:48,18.628,AA,James Brown Slough
1369,9/21/2021 12:49,18.604,AA,James Brown Slough
1370,9/21/2021 12:49,18.604,AA,James Brown Slough
1371,9/21/2021 12:49,18.604,AA,James Brown Slough
1372,9/21/2021 12:49,18.604,AA,James Brown Slough
1373,9/21/2021 12:49,18.604,AA,James Brown Slough
1374,9/21/2021 12:49,18.604,AA,James Brown Slough
1375,9/21/2021 12:49,18.58,AA,James Brown Slough
1376,9/21/2021 12:49,18.58,AA,James Brown Slough
1377,9/21/2021 12:49,18.58,AA,James Brown Slough
1378,9/21/2021 12:49,18.557,AA,James Brown Slough
1379,9/21/2021 12:49,18.557,AA,James Brown Slough
1380,9/21/2021 12:49,18.557,AA,James Brown Slough
1381,9/21/2021 12:50,18.557,AA,James Brown Slough
1382,9/21/2021 12:50,18.557,AA,James Brown Slough
1383,9/21/2021 12:50,18.533,AA,James Brown Slough
1384,9/21/2021 12:50,18.533,AA,James Brown Slough
1385,9/21/2021 12:50,18.533,AA,James Brown Slough
1386,9/21/2021 12:50,18.509,AA,James Brown Slough
1387,9/21/2021 12:50,18.509,AA,James Brown Slough
1388,9/21/2021 12:50,18.509,AA,James Brown Slough
1389,9/21/2021 12:50,18.509,AA,James Brown Slough
1390,9/21/2021 12:50,18.509,AA,James Brown Slough
1391,9/21/2021 12:50,18.509,AA,James Brown Slough
1392,9/21/2021 12:50,18.485,AA,James Brown Slough
1393,9/21/2021 12:51,18.485,AA,James Brown Slough
1394,9/21/2021 12:51,18.485,AA,James Brown Slough
1395,9/21/2021 12:51,18.461,AA,James Brown Slough
1396,9/21/2021 12:51,18.461,AA,James Brown Slough
1397,9/21/2021 12:51,18.461,AA,James Brown Slough
1398,9/21/2021 12:51,18.461,AA,James Brown Slough
1399,9/21/2021 12:51,18.461,AA,James Brown Slough
1400,9/21/2021 12:51,18.438,AA,James Brown Slough
1401,9/21/2021 12:51,18.438,AA,James Brown Slough
1402,9/21/2021 12:51,18.438,AA,James Brown Slough
1403,9/21/2021 12:51,18.414,AA,James Brown Slough
1404,9/21/2021 12:51,18.414,AA,James Brown Slough
1405,9/21/2021 12:52,18.414,AA,James Brown Slough
1406,9/21/2021 12:52,18.414,AA,James Brown Slough
1407,9/21/2021 12:52,18.414,AA,James Brown Slough
1408,9/21/2021 12:52,18.39,AA,James Brown Slough
1409,9/21/2021 12:52,18.39,AA,James Brown Slough
1410,9/21/2021 12:52,18.39,AA,James Brown Slough
1411,9/21/2021 12:52,18.366,AA,James Brown Slough
1412,9/21/2021 12:52,18.366,AA,James Brown Slough
1413,9/21/2021 12:52,18.366,AA,James Brown Slough
1414,9/21/2021 12:52,18.366,AA,James Brown Slough
1415,9/21/2021 12:52,18.366,AA,James Brown Slough
1416,9/21/2021 12:52,18.366,AA,James Brown Slough
1417,9/21/2021 12:53,18.343,AA,James Brown Slough
1418,9/21/2021 12:53,18.343,AA,James Brown Slough
1419,9/21/2021 12:53,18.343,AA,James Brown Slough
1420,9/21/2021 12:53,18.319,AA,James Brown Slough
1421,9/21/2021 12:53,18.319,AA,James Brown Slough
1422,9/21/2021 12:53,18.319,AA,James Brown Slough
1423,9/21/2021 12:53,18.319,AA,James Brown Slough
1424,9/21/2021 12:53,18.319,AA,James Brown Slough
1425,9/21/2021 12:53,18.319,AA,James Brown Slough
1426,9/21/2021 12:53,18.295,AA,James Brown Slough
1427,9/21/2021 12:53,18.295,AA,James Brown Slough
1428,9/21/2021 12:53,18.295,AA,James Brown Slough
1429,9/21/2021 12:54,18.271,AA,James Brown Slough
1430,9/21/2021 12:54,18.271,AA,James Brown Slough
1431,9/21/2021 12:54,18.271,AA,James Brown Slough
1432,9/21/2021 12:54,18.271,AA,James Brown Slough
1433,9/21/2021 12:54,18.271,AA,James Brown Slough
1434,9/21/2021 12:54,18.247,AA,James Brown Slough
1435,9/21/2021 12:54,18.247,AA,James Brown Slough
1436,9/21/2021 12:54,18.247,AA,James Brown Slough
1437,9/21/2021 12:54,18.247,AA,James Brown Slough
1438,9/21/2021 12:54,18.224,AA,James Brown Slough
1439,9/21/2021 12:54,18.224,AA,James Brown Slough
1440,9/21/2021 12:54,18.224,AA,James Brown Slough
1441,9/21/2021 12:55,18.224,AA,James Brown Slough
1442,9/21/2021 12:55,18.224,AA,James Brown Slough
1443,9/21/2021 12:55,18.224,AA,James Brown Slough
1444,9/21/2021 12:55,18.224,AA,James Brown Slough
1445,9/21/2021 12:55,18.271,AA,James Brown Slough
1446,9/21/2021 12:55,18.319,AA,James Brown Slough
1447,9/21/2021 12:55,18.366,AA,James Brown Slough
1448,9/21/2021 12:55,18.366,AA,James Brown Slough
1449,9/21/2021 12:55,18.628,AA,James Brown Slough
1450,9/21/2021 12:55,18.723,AA,James Brown Slough
1451,9/21/2021 12:55,18.771,AA,James Brown Slough
1452,9/21/2021 12:55,18.794,AA,James Brown Slough
1453,9/21/2021 12:56,18.794,AA,James Brown Slough
1454,9/21/2021 12:56,18.842,AA,James Brown Slough
1455,9/21/2021 12:56,18.866,AA,James Brown Slough
1456,9/21/2021 12:56,18.842,AA,James Brown Slough
1457,9/21/2021 12:56,18.794,AA,James Brown Slough
1458,9/21/2021 12:56,18.747,AA,James Brown Slough
1459,9/21/2021 12:56,18.652,AA,James Brown Slough
1460,9/21/2021 12:56,18.628,AA,James Brown Slough
1461,9/21/2021 12:56,18.699,AA,James Brown Slough
1462,9/21/2021 12:56,18.771,AA,James Brown Slough
1463,9/21/2021 12:56,18.842,AA,James Brown Slough
1464,9/21/2021 12:56,19.008,AA,James Brown Slough
1465,9/21/2021 12:57,19.056,AA,James Brown Slough
1466,9/21/2021 12:57,19.103,AA,James Brown Slough
1467,9/21/2021 12:57,19.127,AA,James Brown Slough
1468,9/21/2021 12:57,19.127,AA,James Brown Slough
1469,9/21/2021 12:57,19.151,AA,James Brown Slough
1470,9/21/2021 12:57,19.246,AA,James Brown Slough
1471,9/21/2021 12:57,19.318,AA,James Brown Slough
1472,9/21/2021 12:57,19.318,AA,James Brown Slough
1473,9/21/2021 12:57,19.222,AA,James Brown Slough
1474,9/21/2021 12:57,19.222,AA,James Brown Slough
1475,9/21/2021 12:57,19.27,AA,James Brown Slough
1476,9/21/2021 12:57,19.27,AA,James Brown Slough
1477,9/21/2021 12:57,,AA,James Brown Slough
